/* This query fills all tables in DB with some values */

USE MobileOperator_by_DmitryBalabanov;
DELETE FROM Subscriber;
DELETE FROM Passport;
DELETE FROM HomeAddress;
DELETE FROM Tariff;

INSERT INTO Tariff (tar_id, tar_name, tar_creating_date, tar_minutes, tar_sms, tar_internet, tar_cost)
VALUES
	(1, 'Стандартный', '2022-01-03', 300, 20, 4, 300),
	(2, 'Экономный', '2022-01-04', 100, 20, 1, 100),
	(3, 'Для звонков', '2022-01-06', 1000, 10, 1, 200),
	(4, 'Для интернета', '2022-01-07', 10, 5, 20, 400);


INSERT INTO HomeAddress (adr_id, adr_region, adr_city, adr_locality, adr_street, adr_home, adr_apartment, adr_post_index)
VALUES
	(1, 'Московская область', 'Одинцово', 'Сколково', 'ул. Новая', 'д. 1', 'кв. 1', '143001'),
	(2, 'Москва', 'Москва', 'Басманный', 'ул. Никольная', 'д. 10', 'кв. 5', '125009'),
	(3, 'Санкт-Петербург', 'Санкт-Петербург', 'Красногвардейский', 'ул. Пролетарская', 'д. 5', 'кв. 10', '190013'),
	(4, 'Краснодарский край', 'Краснодар', 'Краснодар', 'ул. Красная', 'д. 25', 'кв. 7', '350000'),
	(5, 'Самарская область', 'Самара', 'Самара', 'ул. Советская', 'д. 7', 'кв. 13', '443010'),
	(6, 'Республика Татарстан', 'Казань', 'Ново-Савиновский', 'ул. Льва Толстого', 'д. 15', 'кв. 3', '420021'),
	(7, 'Ростовская область', 'Ростов-на-Дону', 'Ростов-на-Дону', 'ул. Ленина', 'д. 12', 'кв. 8', '344011'),
	(8, 'Новосибирская область', 'Новосибирск', 'Новосибирск', 'ул. Лермонтова', 'д. 3', 'кв. 4', '630017'),
	(9, 'Республика Башкортостан', 'Уфа', 'Орджоникидзевский', 'ул. Менделеева', 'д. 20', 'кв. 12', '450001'),
	(10, 'Красноярский край', 'Красноярск', 'Красноярск', 'ул. Свердлова', 'д. 8', 'кв. 2', '660017');


INSERT INTO Passport (ppt_series_number, ppt_issued_by, ppt_issued_date, ppt_division_code, ppt_date_of_birth, ppt_address, ppt_gender)
VALUES
	('1234 567890', 'МВД РФ', '2020-01-01', '123-456', '1995-01-01', 1, 'M'),
	('1234 567891', 'МВД РФ', '2020-02-01', '456-789', '1990-01-02', 2, 'M'),
	('1234 567892', 'МВД РФ', '2020-03-01', '789-012', '1985-01-03', 3, 'F'),
	('1234 567893', 'МВД РФ', '2020-04-01', '012-345', '1980-01-04', 4, 'M'),
	('1234 567894', 'МВД РФ', '2020-05-01', '345-678', '1975-01-05', 5, 'F'),
	('1234 567895', 'МВД РФ', '2020-06-01', '678-901', '1970-01-06', 6, 'M'),
	('1234 567896', 'МВД РФ', '2020-07-01', '901-234', '1965-01-07', 7, 'F'),
	('1234 567897', 'МВД РФ', '2020-08-01', '234-567', '1960-01-08', 8, 'M'),
	('1234 567898', 'МВД РФ', '2020-09-01', '567-890', '1955-01-09', 9, 'F'),
	('1234 567899', 'МВД РФ', '2020-10-01', '890-123', '1950-01-10', 10, 'M');


INSERT INTO Package (pck_id, pck_minutes, pck_sms, pck_internet, pck_billing_date)
VALUES
	(1, 23, 100, 64, 2),
	(2, 17, 100, 12, 7),
	(3, 89, 100, 98, 16),
	(4, 67, 100, 88, 8),
	(5, 48, 100, 46, 10),
	(6, 10, 100, 26, 6),
	(7, 58, 100, 68, 5),
	(8, 38, 100, 46, 2),
	(9, 86, 100, 49, 21),
	(10, 3, 100, 13, 27);


INSERT INTO Subscriber (sub_phone_number, sub_name, sub_passport, sub_joining_date, sub_tariff, sub_balance, sub_package, sub_email)
VALUES
	('+79123456789', 'Голый Андрей Иванович', '1234 567890', '2021-10-01', 1, 100, 1, 'golyi@example.com'),
	('+79123456788', 'Гаражный Денис Витальевич', '1234 567891', '2021-10-01', 4, 200, 2, 'garazhny@example.com'),
	('+79123456787', 'Ровный Анатолий Петрович', '1234 567892', '2021-10-01', 1, 300, 3, 'rovnyi@example.com'),
	('+79123456786', 'Котов Иван Степанович', '1234 567893', '2021-10-01', 1, 400, 4, 'kotov@example.com'),
	('+79123456785', 'Пыхтеловский Геннадий Андреевич', '1234 567894', '2021-10-01', 2, 500, 5, 'pykhtelovsky@example.com'),
	('+79123456784', 'Збзызина Елена Эдуардовна', '1234 567895', '2021-10-01', 3, 600, 6, 'zbzyzina@example.com'),
	('+79123456783', 'Поляк Петр Евгеньвич', '1234 567896', '2021-10-01', 1, 700, 7, 'polyak@example.com'),
	('+79123456782', 'Гренкина Виктория Дмитриевна', '1234 567897', '2021-10-01', 1, 800, 8, 'grenkina@example.com'),
	('+79123456781', 'Безударный Владимир Николаевич', '1234 567898', '2021-10-01', 4, 900, 9, 'bezudarny@example.com'),
	('+79123456780', 'Громовой Матвей Витальевич', '1234 567899', '2021-10-01', 2, 1000, 10, 'gromovoy@example.com');
